{"cameraMode":{"drawMode":0,"name":"Shaded","section":"Shading Mode"},"sceneLighting":false,"audioPlay":false,"sceneViewState":{"m_AlwaysRefresh":false,"showFog":true,"showSkybox":false,"showFlares":true,"showImageEffects":true,"showParticleSystems":true,"showVisualEffectGraphs":true,"m_FxEnabled":true},"in2DMode":false,"pivot":{"x":-1.5594539642333985,"y":5.820000171661377,"z":-12.238914489746094},"rotation":{"x":-0.027203328907489778,"y":-0.9603455662727356,"z":0.10277722030878067,"w":-0.25824615359306338},"size":22.569671630859376,"orthographic":true}