{"cameraMode":{"drawMode":0,"name":"Shaded","section":"Shading Mode"},"sceneLighting":false,"audioPlay":false,"sceneViewState":{"m_AlwaysRefresh":false,"showFog":true,"showSkybox":false,"showFlares":true,"showImageEffects":true,"showParticleSystems":true,"showVisualEffectGraphs":true,"m_FxEnabled":true},"in2DMode":false,"pivot":{"x":11.574054718017579,"y":2.675463914871216,"z":37.52751541137695},"rotation":{"x":0.10639654844999314,"y":0.8540390729904175,"z":-0.1927710622549057,"w":0.47133758664131167},"size":19.867740631103517,"orthographic":true}