{"cameraMode":{"drawMode":0,"name":"Shaded","section":"Shading Mode"},"sceneLighting":false,"audioPlay":false,"sceneViewState":{"m_AlwaysRefresh":false,"showFog":true,"showSkybox":false,"showFlares":true,"showImageEffects":true,"showParticleSystems":true,"showVisualEffectGraphs":true,"m_FxEnabled":true},"in2DMode":false,"pivot":{"x":-5.5462493896484379,"y":-1.6215858459472657,"z":-13.602022171020508},"rotation":{"x":0.13535811007022859,"y":0.7245050668716431,"z":-0.14875219762325288,"w":0.6592775583267212},"size":17.651033401489259,"orthographic":false}