{"cameraMode":{"drawMode":0,"name":"Shaded","section":"Shading Mode"},"sceneLighting":false,"audioPlay":false,"sceneViewState":{"m_AlwaysRefresh":false,"showFog":true,"showSkybox":false,"showFlares":true,"showImageEffects":true,"showParticleSystems":true,"showVisualEffectGraphs":true,"m_FxEnabled":true},"in2DMode":false,"pivot":{"x":-5.959453105926514,"y":5.067187786102295,"z":-16.088911056518556},"rotation":{"x":-0.1908232718706131,"y":-0.015115968883037568,"z":0.0032713364344090225,"w":-0.9816376566886902},"size":36.75105667114258,"orthographic":true}