{"cameraMode":{"drawMode":0,"name":"Shaded","section":"Shading Mode"},"sceneLighting":false,"audioPlay":false,"sceneViewState":{"m_AlwaysRefresh":false,"showFog":true,"showSkybox":false,"showFlares":true,"showImageEffects":true,"showParticleSystems":true,"showVisualEffectGraphs":true,"m_FxEnabled":true},"in2DMode":false,"pivot":{"x":0.19054698944091798,"y":3.140000104904175,"z":-17.988914489746095},"rotation":{"x":0.06652484834194184,"y":0.8407600522041321,"z":-0.1066330149769783,"w":0.5268003940582275},"size":28.836484909057618,"orthographic":true}