{"cameraMode":{"drawMode":0,"name":"Shaded","section":"Shading Mode"},"sceneLighting":false,"audioPlay":false,"sceneViewState":{"m_AlwaysRefresh":false,"showFog":true,"showSkybox":false,"showFlares":true,"showImageEffects":true,"showParticleSystems":true,"showVisualEffectGraphs":true,"m_FxEnabled":true},"in2DMode":false,"pivot":{"x":-6.529453277587891,"y":1.1271874904632569,"z":21.261085510253908},"rotation":{"x":-0.24806717038154603,"y":0.13024909794330598,"z":-0.03286442160606384,"w":-0.9594758749008179},"size":5.158431053161621,"orthographic":true}