{"cameraMode":{"drawMode":0,"name":"Shaded","section":"Shading Mode"},"sceneLighting":false,"audioPlay":false,"sceneViewState":{"m_AlwaysRefresh":false,"showFog":true,"showSkybox":false,"showFlares":true,"showImageEffects":true,"showParticleSystems":true,"showVisualEffectGraphs":true,"m_FxEnabled":true},"in2DMode":false,"pivot":{"x":0.710545539855957,"y":3.247187614440918,"z":-14.683914184570313},"rotation":{"x":-0.11376369744539261,"y":0.01095686573535204,"z":-0.0009840457933023573,"w":-0.9935450553894043},"size":22.729534149169923,"orthographic":true}