{"cameraMode":{"drawMode":0,"name":"Shaded","section":"Shading Mode"},"sceneLighting":false,"audioPlay":false,"sceneViewState":{"m_AlwaysRefresh":false,"showFog":true,"showSkybox":false,"showFlares":true,"showImageEffects":true,"showParticleSystems":true,"showVisualEffectGraphs":true,"m_FxEnabled":true},"in2DMode":false,"pivot":{"x":0.710545539855957,"y":3.247187614440918,"z":-14.683914184570313},"rotation":{"x":-0.14873307943344117,"y":0.42023029923439028,"z":-0.06974024325609207,"w":-0.8925331234931946},"size":22.729534149169923,"orthographic":true}