{"cameraMode":{"drawMode":0,"name":"Shaded","section":"Shading Mode"},"sceneLighting":false,"audioPlay":false,"sceneViewState":{"m_AlwaysRefresh":false,"showFog":true,"showSkybox":false,"showFlares":true,"showImageEffects":true,"showParticleSystems":true,"showVisualEffectGraphs":true,"m_FxEnabled":true},"in2DMode":false,"pivot":{"x":1.5905466079711915,"y":2.940000057220459,"z":-12.08891487121582},"rotation":{"x":-0.023947490379214288,"y":-0.05195942521095276,"z":0.0016997846541926265,"w":-0.9984591007232666},"size":27.50815200805664,"orthographic":true}