{"cameraMode":{"drawMode":0,"name":"Shaded","section":"Shading Mode"},"sceneLighting":false,"audioPlay":false,"sceneViewState":{"m_AlwaysRefresh":false,"showFog":true,"showSkybox":false,"showFlares":true,"showImageEffects":true,"showParticleSystems":true,"showVisualEffectGraphs":true,"m_FxEnabled":true},"in2DMode":false,"pivot":{"x":1.4905462265014649,"y":3.7460851669311525,"z":-16.688915252685548},"rotation":{"x":0.15639716386795045,"y":0.0734858512878418,"z":-0.012223090045154095,"w":0.985012412071228},"size":19.945842742919923,"orthographic":true}