{"cameraMode":{"drawMode":0,"name":"Shaded","section":"Shading Mode"},"sceneLighting":false,"audioPlay":false,"sceneViewState":{"m_AlwaysRefresh":false,"showFog":true,"showSkybox":false,"showFlares":true,"showImageEffects":true,"showParticleSystems":true,"showVisualEffectGraphs":true,"m_FxEnabled":true},"in2DMode":false,"pivot":{"x":1.4905462265014649,"y":3.7460851669311525,"z":-16.688915252685548},"rotation":{"x":0.11939803510904312,"y":0.16696330904960633,"z":-0.020947858691215516,"w":0.9786166548728943},"size":25.97467613220215,"orthographic":true}