{"cameraMode":{"drawMode":0,"name":"Shaded","section":"Shading Mode"},"sceneLighting":false,"audioPlay":false,"sceneViewState":{"m_AlwaysRefresh":false,"showFog":true,"showSkybox":false,"showFlares":true,"showImageEffects":true,"showParticleSystems":true,"showVisualEffectGraphs":true,"m_FxEnabled":true},"in2DMode":false,"pivot":{"x":1.4905462265014649,"y":3.7460851669311525,"z":-16.688915252685548},"rotation":{"x":0.05607388913631439,"y":0.6880092620849609,"z":-0.054126761853694919,"w":0.7216839790344238},"size":19.945842742919923,"orthographic":true}